{"_id":{"$oid":"618dd68ca041f436f32926bd"},"username":"lmarfield3","first_name":"Lynnea","last_name":"Marfield","password":"KBTTnVyxs","email":"lmarfield3@dyndns.org","registered_date":"1606498439000","user_admin":true}
{"_id":{"$oid":"618dd68ca041f436f32926be"},"username":"ahugeb","first_name":"Abba","last_name":"Huge","password":"cKi9At","email":"ahugeb@amazon.co.jp","registered_date":"1582558992000","user_admin":true}
{"_id":{"$oid":"618dd68ca041f436f32926bf"},"username":"mreveninga","first_name":"Maiga","last_name":"Revening","password":"It262JYMFY","email":"mreveninga@odnoklassniki.ru","registered_date":"1594516269000","user_admin":true}
{"_id":{"$oid":"618dd68ca041f436f32926c0"},"username":"tkittiman9","first_name":"Tucker","last_name":"Kittiman","password":"bqYpGeVC","email":"tkittiman9@nih.gov","registered_date":"1626304554000","user_admin":true}
{"_id":{"$oid":"618dd68ca041f436f32926c1"},"username":"mlillegarde","first_name":"Moritz","last_name":"Lillegard","password":"cb1dNyBKDaW","email":"mlillegarde@berkeley.edu","registered_date":"1627104366000","user_admin":false}
{"_id":{"$oid":"618dd68ca041f436f32926c2"},"username":"rcapenerf","first_name":"Rikki","last_name":"Capener","password":"RBeBZlT","email":"rcapenerf@whitehouse.gov","registered_date":"1614463382000","user_admin":true}
{"_id":{"$oid":"618dd68ca041f436f32926c3"},"username":"tfromant8","first_name":"Tabbatha","last_name":"Fromant","password":"lBrwgf","email":"tfromant8@auda.org.au","registered_date":"1615775390000","user_admin":true}
{"_id":{"$oid":"618dd68ca041f436f32926c4"},"username":"apaulazzig","first_name":"Alvan","last_name":"Paulazzi","password":"HWvmTti6fh","email":"apaulazzig@1688.com","registered_date":"1602807089000","user_admin":false}
{"_id":{"$oid":"618dd68ca041f436f32926c5"},"username":"fcellah","first_name":"Frederick","last_name":"Cella","password":"HStL9Qd6kRxR","email":"fcellah@reddit.com","registered_date":"1605680318000","user_admin":false}
{"_id":{"$oid":"618dd68ca041f436f32926c6"},"username":"emarrani","first_name":"Emelia","last_name":"Marran","password":"AspUwqvkxZ","email":"emarrani@gizmodo.com","registered_date":"1629681829000","user_admin":false}
{"_id":{"$oid":"618dd68ca041f436f32926c7"},"username":"dswindonj","first_name":"Daffy","last_name":"Swindon","password":"20FimFwAzS","email":"dswindonj@etsy.com","registered_date":"1634769480000","user_admin":true}
{"_id":{"$oid":"618dd68ca041f436f32926c8"},"username":"bgrelikk","first_name":"Bogey","last_name":"Grelik","password":"eIvEMqwT1m","email":"bgrelikk@taobao.com","registered_date":"1580644083000","user_admin":false}
{"_id":{"$oid":"618dd68ca041f436f32926c9"},"username":"lsadgrovec","first_name":"Lilian","last_name":"Sadgrove","password":"DCnmmA2uTsw5","email":"lsadgrovec@eepurl.com","registered_date":"1592589209000","user_admin":true}
{"_id":{"$oid":"618dd68ca041f436f32926ca"},"username":"bkonneken","first_name":"Bessy","last_name":"Konneke","password":"hbt6bIN2nj0","email":"bkonneken@hatena.ne.jp","registered_date":"1612610591000","user_admin":false}
{"_id":{"$oid":"618dd68ca041f436f32926cb"},"username":"zparksl","first_name":"Zolly","last_name":"Parks","password":"fS6gvyiKkBd4","email":"zparksl@chicagotribune.com","registered_date":"1617696016000","user_admin":false}
{"_id":{"$oid":"618dd68ca041f436f32926cc"},"username":"bboonp","first_name":"Boy","last_name":"Boon","password":"lLAqRi7","email":"bboonp@homestead.com","registered_date":"1596345587000","user_admin":true}
{"_id":{"$oid":"618dd68ca041f436f32926cd"},"username":"ecrookso","first_name":"Emmalynne","last_name":"Crooks","password":"IrW8KBbkDcl","email":"ecrookso@netlog.com","registered_date":"1586925797000","user_admin":true}
{"_id":{"$oid":"618dd68ca041f436f32926ce"},"username":"ejoblinm","first_name":"Euell","last_name":"Joblin","password":"x9b2uF","email":"ejoblinm@chicagotribune.com","registered_date":"1632644277000","user_admin":true}
{"_id":{"$oid":"618dd68ca041f436f32926cf"},"username":"kconnerlyr","first_name":"Kile","last_name":"Connerly","password":"ieLn5evf4TXP","email":"kconnerlyr@msu.edu","registered_date":"1596211948000","user_admin":false}
{"_id":{"$oid":"618dd68ca041f436f32926d0"},"username":"wplans","first_name":"Worthington","last_name":"Plan","password":"wREX1Z","email":"wplans@psu.edu","registered_date":"1588673807000","user_admin":false}
{"_id":{"$oid":"618dd68ca041f436f32926d1"},"username":"bparmenterq","first_name":"Bibi","last_name":"Parmenter","password":"PWSD963Rx53","email":"bparmenterq@icio.us","registered_date":"1591022527000","user_admin":false}
{"_id":{"$oid":"618dd68ca041f436f32926d2"},"username":"poaker5","first_name":"Perri","last_name":"Oaker","password":"N9s8Vsn","email":"poaker5@bbc.co.uk","registered_date":"1623931329000","user_admin":true}
{"_id":{"$oid":"618dd68ca041f436f32926d3"},"username":"rcottham4","first_name":"Rahel","last_name":"Cottham","password":"LnBIrPQHZ1qb","email":"rcottham4@epa.gov","registered_date":"1626788474000","user_admin":false}
{"_id":{"$oid":"618dd68ca041f436f32926d4"},"username":"TobyKillen1","first_name":"Toby","last_name":"Killen","password":"pbkdf2:sha256:260000$pcWORUttFtUnlNse$178ce7a69c2bd33ea459cf6360a7112566c9e15d817f32a8d76115082dc325ed","email":"itoby24@gmail.com","registered_date":"2021-11-12","user_admin":true}
{"_id":{"$oid":"618dd68ca041f436f32926d5"},"username":"jlancleyd","first_name":"Jinny","last_name":"Lancley","password":"An3OgSYAA","email":"jlancleyd@msn.com","registered_date":"1621679400000","user_admin":false}
{"_id":{"$oid":"618dd68ca041f436f32926d6"},"username":"cdeverose7","first_name":"Cathrin","last_name":"Deverose","password":"vE1wb1dktn7","email":"cdeverose7@elegantthemes.com","registered_date":"1629337904000","user_admin":true}
{"_id":{"$oid":"618dd68ca041f436f32926d7"},"username":"ctoonet","first_name":"Carline","last_name":"Toone","password":"D7qHhjkvL","email":"ctoonet@altervista.org","registered_date":"1612219206000","user_admin":true}
{"_id":{"$oid":"618dd68ca041f436f32926d8"},"username":"ftuckley6","first_name":"Frank","last_name":"Tuckley","password":"O2Li3y","email":"ftuckley6@icq.com","registered_date":"1585558434000","user_admin":true}
{"_id":{"$oid":"618dd68ca041f436f32926d9"},"username":"seliav","first_name":"Sydney","last_name":"Elia","password":"5Dl07gk3","email":"seliav@disqus.com","registered_date":"1598212944000","user_admin":true}
{"_id":{"$oid":"618dd68ca041f436f32926da"},"username":"gjosiahu","first_name":"Ginny","last_name":"Josiah","password":"gUc5ov","email":"gjosiahu@soundcloud.com","registered_date":"1621735947000","user_admin":true}
{"_id":{"$oid":"618dd68ca041f436f32926db"},"username":"apaynesw","first_name":"Anjela","last_name":"Paynes","password":"c3FmI1qybG","email":"apaynesw@washingtonpost.com","registered_date":"1613920325000","user_admin":true}
{"_id":{"$oid":"618dd68ca041f436f32926dc"},"username":"blawlerx","first_name":"Bette-ann","last_name":"Lawler","password":"eIfJfi","email":"blawlerx@amazon.com","registered_date":"1588114899000","user_admin":false}
{"_id":{"$oid":"618dd68ca041f436f32926dd"},"username":"agaddie1","first_name":"Aldous","last_name":"Gaddie","password":"IMMvkpGGrx9Q","email":"agaddie1@wikia.com","registered_date":"1611235330000","user_admin":true}
{"_id":{"$oid":"618dd68ca041f436f32926de"},"username":"rajsiky","first_name":"Raquel","last_name":"Ajsik","password":"RqnRbm","email":"rajsiky@360.cn","registered_date":"1614350487000","user_admin":true}
{"_id":{"$oid":"618dd68ca041f436f32926df"},"username":"nerswell10","first_name":"Nels","last_name":"Erswell","password":"sUoDPTIDo","email":"nerswell10@biglobe.ne.jp","registered_date":"1599016387000","user_admin":false}
{"_id":{"$oid":"618dd68ca041f436f32926e0"},"username":"cmatzen12","first_name":"Carmella","last_name":"Matzen","password":"N4cUkYNG","email":"cmatzen12@intel.com","registered_date":"1582120504000","user_admin":false}
{"_id":{"$oid":"618dd68ca041f436f32926e1"},"username":"gglacken11","first_name":"Gwendolen","last_name":"Glacken","password":"ytG7p5qr3tyY","email":"gglacken11@apple.com","registered_date":"1625380447000","user_admin":true}
{"_id":{"$oid":"618dd68ca041f436f32926e2"},"username":"afagan13","first_name":"Annmarie","last_name":"Fagan","password":"NrMVh3040zr","email":"afagan13@howstuffworks.com","registered_date":"1610302563000","user_admin":true}
{"_id":{"$oid":"618dd68ca041f436f32926e3"},"username":"gsporrij15","first_name":"Grady","last_name":"Sporrij","password":"8uhtf8","email":"gsporrij15@adobe.com","registered_date":"1605836431000","user_admin":false}
{"_id":{"$oid":"618dd68ca041f436f32926e4"},"username":"grobertazziz","first_name":"Guinna","last_name":"Robertazzi","password":"CGAQ3g","email":"grobertazziz@whitehouse.gov","registered_date":"1594336357000","user_admin":true}
{"_id":{"$oid":"618dd68ca041f436f32926e5"},"username":"tskrines16","first_name":"Trumaine","last_name":"Skrines","password":"kHZBbb","email":"tskrines16@behance.net","registered_date":"1593914282000","user_admin":false}
{"_id":{"$oid":"618dd68ca041f436f32926e6"},"username":"cmifflin18","first_name":"Chrissie","last_name":"Mifflin","password":"pvbPz0JSYSy4","email":"cmifflin18@wix.com","registered_date":"1600076605000","user_admin":false}
{"_id":{"$oid":"618dd68ca041f436f32926e7"},"username":"obonus17","first_name":"Ophelia","last_name":"Bonus","password":"m7yqNfeel6J","email":"obonus17@wikia.com","registered_date":"1583691530000","user_admin":true}
{"_id":{"$oid":"618dd68ca041f436f32926e8"},"username":"kcoskerry1b","first_name":"Karina","last_name":"Coskerry","password":"zyrdngQ","email":"kcoskerry1b@surveymonkey.com","registered_date":"1632684252000","user_admin":false}
{"_id":{"$oid":"618dd68ca041f436f32926e9"},"username":"ctomaszkiewicz1c","first_name":"Conrade","last_name":"Tomaszkiewicz","password":"CtFyVRe","email":"ctomaszkiewicz1c@wix.com","registered_date":"1616725037000","user_admin":false}
{"_id":{"$oid":"618dd68ca041f436f32926ea"},"username":"iforson19","first_name":"Imogen","last_name":"Forson","password":"CdX3KRK1L","email":"iforson19@vk.com","registered_date":"1591952359000","user_admin":true}
{"_id":{"$oid":"618dd68ca041f436f32926eb"},"username":"rspeedin1d","first_name":"Romona","last_name":"Speedin","password":"4Hg32D","email":"rspeedin1d@vk.com","registered_date":"1597167206000","user_admin":false}
{"_id":{"$oid":"618dd68ca041f436f32926ec"},"username":"mmacdowal1a","first_name":"Mandy","last_name":"MacDowal","password":"iAeg6f","email":"mmacdowal1a@vinaora.com","registered_date":"1603294535000","user_admin":true}
{"_id":{"$oid":"618dd68ca041f436f32926ed"},"username":"clidell14","first_name":"Cathe","last_name":"Lidell","password":"JSZsbBS2e","email":"clidell14@google.com.hk","registered_date":"1625808540000","user_admin":true}
{"_id":{"$oid":"6199134b011c5a3b50108c49"},"username":"TobyKillen","first_name":"Toby ","last_name":"Killen","password":"pbkdf2:sha256:260000$S4h4ubvNri1GoPUP$0c021ee2aecea0cfc214b18365d6ea87ca2ad97278887589d4f5cbcb04d0739b","email":"toby@gmail.com","registered_date":"2021-11-20","user_admin":false}
{"_id":{"$oid":"619ec0f6edcaff7dcff48e54"},"username":"Eoin","first_name":"Toby ","last_name":"Killen","password":"pbkdf2:sha256:260000$QfBfSxKghGqNinmA$a69cec9d9eb0e42b1bf1fb1628e7483797b59046d4a8ffc0252b1bc614583483","email":"toby@gmail.com","registered_date":"2021-11-24","user_admin":false}
{"_id":{"$oid":"61a65b50f71dd8adecd0f430"},"username":"TobyKilen","first_name":"Toby ","last_name":"Killen","password":"pbkdf2:sha256:260000$dmMcelhW1lV6YuOn$ba242f246bc2bb7f6a90f379fb504002abbd31cd9882f308bfd6d51023173374","email":"toby@gmail.com","registered_date":"2021-11-30","user_admin":false}
{"_id":{"$oid":"61a65c47338477feb18ddaa0"},"username":"Toby","first_name":"Toby","last_name":"Killen","password":"pbkdf2:sha256:260000$sYiSPpDeJYgZvZ6h$1ab0b968ce9bc52126a7940109827e9421958d0cf7ef7d413c26578f61039033","email":"itoby24@gmail.com","registered_date":"2021-11-30","user_admin":false}
