{"_id":{"$oid":"61a629806cc8edbb94fdcfe0"},"post_author_username":"rhandscombe1","post_title":"Test Data","post_body":"Hello","post_comments":[],"post_upvotes":31,"post_creation_datetime":"2020-07-19","post_uuid":63}
{"_id":{"$oid":"61a629806cc8edbb94fdcfe1"},"post_author_username":"nwaterstone2","post_title":"Test Data","post_body":"Hello","post_comments":[],"post_upvotes":54,"post_creation_datetime":"2020-02-18","post_uuid":64}
{"_id":{"$oid":"61a629806cc8edbb94fdcfe2"},"post_author_username":"cbaylisf","post_title":"Test Title","post_body":"Hello_2","post_comments":[],"post_upvotes":50,"post_creation_datetime":"2021-04-01","post_uuid":36}
{"_id":{"$oid":"61a629806cc8edbb94fdcfe4"},"post_author_username":"jstonier5","post_title":"Test Data","post_body":"Hello","post_comments":[],"post_upvotes":4,"post_creation_datetime":"2021-06-22","post_uuid":46}
{"_id":{"$oid":"61a629806cc8edbb94fdcfe5"},"post_author_username":"mbritnellg","post_title":"Test Data","post_body":"Hello_1","post_comments":[],"post_upvotes":30,"post_creation_datetime":"2020-08-29","post_uuid":42}
{"_id":{"$oid":"61a629806cc8edbb94fdcfe7"},"post_author_username":"cdenley6","post_title":"Test Title","post_body":"Hello","post_comments":[],"post_upvotes":56,"post_creation_datetime":"2020-11-06","post_uuid":75}
{"_id":{"$oid":"61a629806cc8edbb94fdcfe9"},"post_author_username":"ifeltoei","post_title":"Sample Data","post_body":"Hello","post_comments":[],"post_upvotes":45,"post_creation_datetime":"2020-10-01","post_uuid":56}
{"_id":{"$oid":"61a629806cc8edbb94fdcfea"},"post_author_username":"elapidusj","post_title":"Test Data","post_body":"Hello","post_comments":[],"post_upvotes":60,"post_creation_datetime":"2020-09-11","post_uuid":19}
{"_id":{"$oid":"61a629806cc8edbb94fdcfec"},"post_author_username":"ftregaskiso","post_title":"Test Title","post_body":"Hello_1","post_comments":[],"post_upvotes":27,"post_creation_datetime":"2021-07-06","post_uuid":32}
{"_id":{"$oid":"61a629806cc8edbb94fdcfed"},"post_author_username":"jstoaksq","post_title":"Sample Data","post_body":"Hello","post_comments":[],"post_upvotes":41,"post_creation_datetime":"2021-08-29","post_uuid":61}
{"_id":{"$oid":"61a629806cc8edbb94fdcfee"},"post_author_username":"pmikalskir","post_title":"Sample Data","post_body":"Hello_2","post_comments":[],"post_upvotes":21,"post_creation_datetime":"2020-10-22","post_uuid":47}
{"_id":{"$oid":"61a629806cc8edbb94fdcfef"},"post_author_username":"mspranklingp","post_title":"Test Title","post_body":"Hello_2","post_comments":[],"post_upvotes":59,"post_creation_datetime":"2021-07-10","post_uuid":9}
{"_id":{"$oid":"61a629806cc8edbb94fdcff1"},"post_author_username":"cbueyl","post_title":"Test Data","post_body":"Hello_1","post_comments":[],"post_upvotes":55,"post_creation_datetime":"2020-05-24","post_uuid":28}
{"_id":{"$oid":"61a629806cc8edbb94fdcff3"},"post_author_username":"gseilmanns","post_title":"Test Data","post_body":"Hello_2","post_comments":[],"post_upvotes":52,"post_creation_datetime":"2020-09-12","post_uuid":22}
{"_id":{"$oid":"61a629806cc8edbb94fdcff5"},"post_author_username":"ateagert","post_title":"Test Data","post_body":"Hello","post_comments":[],"post_upvotes":40,"post_creation_datetime":"2020-10-31","post_uuid":24}
{"_id":{"$oid":"61a629806cc8edbb94fdcff7"},"post_author_username":"ccolbertsone","post_title":"Sample Data","post_body":"Hello_1","post_comments":[],"post_upvotes":68,"post_creation_datetime":"2020-06-22","post_uuid":10}
{"_id":{"$oid":"61a629806cc8edbb94fdcff9"},"post_author_username":"asyera","post_title":"Sample Data","post_body":"Hello_2","post_comments":[],"post_upvotes":27,"post_creation_datetime":"2020-05-04","post_uuid":52}
{"_id":{"$oid":"61a629806cc8edbb94fdcffa"},"post_author_username":"djelleyb","post_title":"Sample Data","post_body":"Hello_2","post_comments":[],"post_upvotes":28,"post_creation_datetime":"2021-10-31","post_uuid":6}
{"_id":{"$oid":"61a629806cc8edbb94fdcffc"},"post_author_username":"nygoev","post_title":"Test Title","post_body":"Hello_2","post_comments":[],"post_upvotes":38,"post_creation_datetime":"2020-10-10","post_uuid":60}
{"_id":{"$oid":"61a629806cc8edbb94fdcffd"},"post_author_username":"abourdis4","post_title":"Sample Data","post_body":"Hello","post_comments":[],"post_upvotes":8,"post_creation_datetime":"2020-06-19","post_uuid":16}
{"_id":{"$oid":"61a629806cc8edbb94fdcfff"},"post_author_username":"mattenbrough9","post_title":"Test Title","post_body":"Hello_1","post_comments":[],"post_upvotes":1,"post_creation_datetime":"2020-11-16","post_uuid":39}
{"_id":{"$oid":"61a629806cc8edbb94fdd000"},"post_author_username":"fobrollachainu","post_title":"Sample Data","post_body":"Hello_1","post_comments":[],"post_upvotes":19,"post_creation_datetime":"2021-09-16","post_uuid":66}
{"_id":{"$oid":"61a629806cc8edbb94fdd001"},"post_author_username":"dtettx","post_title":"Test Data","post_body":"Hello","post_comments":[],"post_upvotes":14,"post_creation_datetime":"2020-03-25","post_uuid":14}
{"_id":{"$oid":"61a629806cc8edbb94fdd002"},"post_author_username":"apechy","post_title":"Test Title","post_body":"Hello_1","post_comments":[],"post_upvotes":30,"post_creation_datetime":"2021-01-08","post_uuid":59}
{"_id":{"$oid":"61a629806cc8edbb94fdd003"},"post_author_username":"vmicka10","post_title":"Test Title","post_body":"Hello_2","post_comments":[],"post_upvotes":22,"post_creation_datetime":"2020-08-06","post_uuid":77}
{"_id":{"$oid":"61a629806cc8edbb94fdd005"},"post_author_username":"wmeffan13","post_title":"Test Title","post_body":"Hello_2","post_comments":[],"post_upvotes":6,"post_creation_datetime":"2021-10-07","post_uuid":57}
{"_id":{"$oid":"61a629806cc8edbb94fdd006"},"post_author_username":"dgrabbam12","post_title":"Sample Data","post_body":"Hello_1","post_comments":[],"post_upvotes":59,"post_creation_datetime":"2021-03-21","post_uuid":14}
{"_id":{"$oid":"61a629806cc8edbb94fdd009"},"post_author_username":"grouse14","post_title":"Test Data","post_body":"Hello","post_comments":[],"post_upvotes":41,"post_creation_datetime":"2021-07-06","post_uuid":49}
{"_id":{"$oid":"61a629806cc8edbb94fdd00a"},"post_author_username":"bshayes16","post_title":"Test Data","post_body":"Hello_1","post_comments":[],"post_upvotes":15,"post_creation_datetime":"2020-07-06","post_uuid":34}
{"_id":{"$oid":"61a629806cc8edbb94fdd00c"},"post_author_username":"dglacken19","post_title":"Sample Data","post_body":"Hello_1","post_comments":[],"post_upvotes":15,"post_creation_datetime":"2020-09-27","post_uuid":41}
{"_id":{"$oid":"61a629806cc8edbb94fdd00e"},"post_author_username":"rblues1c","post_title":"Test Data","post_body":"Hello","post_comments":[],"post_upvotes":49,"post_creation_datetime":"2021-01-03","post_uuid":82}
{"_id":{"$oid":"61a629806cc8edbb94fdd00f"},"post_author_username":"iserrell1d","post_title":"Test Title","post_body":"Hello_1","post_comments":[],"post_upvotes":66,"post_creation_datetime":"2020-10-26","post_uuid":71}
{"_id":{"$oid":"61a629806cc8edbb94fdd010"},"post_author_username":"bwathellz","post_title":"Test Title","post_body":"Hello_1","post_comments":[],"post_upvotes":32,"post_creation_datetime":"2020-02-06","post_uuid":27}
{"_id":{"$oid":"61a629806cc8edbb94fdd011"},"post_author_username":"ebulluck1a","post_title":"Test Title","post_body":"Hello","post_comments":[],"post_upvotes":24,"post_creation_datetime":"2020-10-23","post_uuid":82}
{"_id":{"$oid":"61a65d9e338477feb18ddaa1"},"post_uuid":103,"post_author_username":"BBC News","post_title":"US challenges Nvidia takeover of chip designer Arm","post_body":"The US Federal Trade Commission has challenged the proposed takeover of chip designer Arm by Nvidia.\n\nThe FTC said the proposed acquisition would give Nvidia too much control over computing technology that competitors rely on.\n\nArm licenses its designs and technology to big tech companies, including Apple, Qualcomm, Sony and Samsung.\n\nNvidia said it would \"work to demonstrate that this transaction will benefit the industry\".\n\nThe company produces high-performance graphics cards for gaming, chips for mobile computing and also develops software and artificial-intelligence systems.\n\nOriginally a British firm, Arm was sold to Japan's SoftBank in 2016.\n\nNvidia announced its planned takeover in September 2020, but the deal has faced scrutiny and legal challenges from regulators, including inquiries in the UK and Europe.\n\nThe US watchdog said: \"The proposed merger would give Nvidia the ability and incentive to use its control of this technology to undermine its competitors, reducing competition and ultimately resulting in reduced product quality, reduced innovation, higher prices, and less choice.\"\n\nNvidia had promised to maintain Arm's open-licensing model, retain the brand, keep the company based in the UK and hire more staff.","post_creation_datetime":"2021-11-30","post_comments":[],"post_upvotes":"0"}
{"_id":{"$oid":"61aa5c23be7e000ddd9afca6"},"post_uuid":104,"post_author_username":"BBC News Northern Ireland","post_title":"US challenges Nvidia takeover of chip designer Arm","post_body":"The US Federal Trade Commission has challenged the proposed takeover of chip designer Arm by Nvidia.\n\nThe FTC said the proposed acquisition would give Nvidia too much control over computing technology that competitors rely on.\n\nArm licenses its designs and technology to big tech companies, including Apple, Qualcomm, Sony and Samsung.\n\nNvidia said it would \"work to demonstrate that this transaction will benefit the industry\".\n\nThe company produces high-performance graphics cards for gaming, chips for mobile computing and also develops software and artificial-intelligence systems.\n\nOriginally a British firm, Arm was sold to Japan's SoftBank in 2016.\n\nNvidia announced its planned takeover in September 2020, but the deal has faced scrutiny and legal challenges from regulators, including inquiries in the UK and Europe.\n\nThe US watchdog said: \"The proposed merger would give Nvidia the ability and incentive to use its control of this technology to undermine its competitors, reducing competition and ultimately resulting in reduced product quality, reduced innovation, higher prices, and less choice.\"\n\nNvidia had promised to maintain Arm's open-licensing model, retain the brand, keep the company based in the UK and hire more staff.","post_creation_datetime":"2021-12-03","post_comments":[{"comment_uuid":0,"comment_author":"Test Commenter","comment_body":"wdwdw"}],"post_upvotes":"1"}
